id;reff_no;encoded_otp;created_time;executed_time;expired_time;retry_max;retry_count
1;Baby;Washington;2020-04-30T04:26:01;2020-04-29T21:54:25;2020-04-29T21:19:22;42959;13574
2;Computer M;Architect;2020-04-29T16:26:47;2020-04-29T12:08:31;2020-04-30T04:30:05;51574;82677
3;deposit;digital;2020-04-30T07:28:36;2020-04-30T00:10:33;2020-04-29T15:50:10;516;60075
4;Future;monitor firewall Ergonomic;2020-04-29T17:24:38;2020-04-29T17:14:27;2020-04-30T07:04:51;66259;65496
5;Buckingham;cross-platform;2020-04-29T19:41:28;2020-04-30T03:22:26;2020-04-29T10:15:03;40919;75461
6;Cotton Aut;Inverse International Enterprise-wide;2020-04-29T13:47:27;2020-04-29T20:03:34;2020-04-29T15:30:11;56350;47503
7;intangible;Avon monitor navigate;2020-04-30T09:16:56;2020-04-29T13:22:15;2020-04-30T07:24:32;81992;66816
8;Wells hier;Ouguiya Berkshire directional;2020-04-29T23:31:15;2020-04-30T02:26:22;2020-04-30T05:15:09;79487;99776
9;Baht onlin;capacity initiative;2020-04-29T13:40:12;2020-04-30T02:39:41;2020-04-29T20:13:41;14257;18823
10;Indiana Sm;bandwidth Awesome;2020-04-29T16:38:18;2020-04-30T07:15:08;2020-04-29T13:21:12;56654;6490
